{
    "version": "1.1.0",
    "description": "Güncelleme sistemi eklendi",
    "created_at": "2025-08-07 16:20:37",
    "migrations": [],
    "files": [
        {
            "source": ".\/admin\/cost-lists.php",
            "target": ".\/admin\/cost-lists.php"
        },
        {
            "source": ".\/admin\/customers.php",
            "target": ".\/admin\/customers.php"
        },
        {
            "source": ".\/admin\/debug-quotes.php",
            "target": ".\/admin\/debug-quotes.php"
        },
        {
            "source": ".\/admin\/email-logs.php",
            "target": ".\/admin\/email-logs.php"
        },
        {
            "source": ".\/admin\/email-templates.php",
            "target": ".\/admin\/email-templates.php"
        },
        {
            "source": ".\/admin\/includes\/sidebar.css",
            "target": ".\/admin\/includes\/sidebar.css"
        },
        {
            "source": ".\/admin\/includes\/sidebar.js",
            "target": ".\/admin\/includes\/sidebar.js"
        },
        {
            "source": ".\/admin\/includes\/sidebar.php",
            "target": ".\/admin\/includes\/sidebar.php"
        },
        {
            "source": ".\/admin\/index.php",
            "target": ".\/admin\/index.php"
        },
        {
            "source": ".\/admin\/login.php",
            "target": ".\/admin\/login.php"
        },
        {
            "source": ".\/admin\/quotes.php",
            "target": ".\/admin\/quotes.php"
        },
        {
            "source": ".\/admin\/settings.php",
            "target": ".\/admin\/settings.php"
        },
        {
            "source": ".\/admin\/test.html",
            "target": ".\/admin\/test.html"
        },
        {
            "source": ".\/admin\/transport-modes.php",
            "target": ".\/admin\/transport-modes.php"
        },
        {
            "source": ".\/admin\/update-manager.php",
            "target": ".\/admin\/update-manager.php"
        },
        {
            "source": ".\/admin\/view-customer.php",
            "target": ".\/admin\/view-customer.php"
        },
        {
            "source": ".\/admin\/view-quote - Kopya.php",
            "target": ".\/admin\/view-quote - Kopya.php"
        },
        {
            "source": ".\/admin\/view-quote-backup.php",
            "target": ".\/admin\/view-quote-backup.php"
        },
        {
            "source": ".\/admin\/view-quote-temp-backup.php",
            "target": ".\/admin\/view-quote-temp-backup.php"
        },
        {
            "source": ".\/admin\/view-quote-temp.php",
            "target": ".\/admin\/view-quote-temp.php"
        },
        {
            "source": ".\/admin\/view-quote.php",
            "target": ".\/admin\/view-quote.php"
        },
        {
            "source": ".\/api\/approve-quote.php",
            "target": ".\/api\/approve-quote.php"
        },
        {
            "source": ".\/api\/delete-transport-image.php",
            "target": ".\/api\/delete-transport-image.php"
        },
        {
            "source": ".\/api\/get-additional-costs.php",
            "target": ".\/api\/get-additional-costs.php"
        },
        {
            "source": ".\/api\/get-customer-transport-images.php",
            "target": ".\/api\/get-customer-transport-images.php"
        },
        {
            "source": ".\/api\/get-templates.php",
            "target": ".\/api\/get-templates.php"
        },
        {
            "source": ".\/api\/get-transport-images.php",
            "target": ".\/api\/get-transport-images.php"
        },
        {
            "source": ".\/api\/save-additional-costs.php",
            "target": ".\/api\/save-additional-costs.php"
        },
        {
            "source": ".\/api\/submit-quote.php",
            "target": ".\/api\/submit-quote.php"
        },
        {
            "source": ".\/api\/update-general-info.php",
            "target": ".\/api\/update-general-info.php"
        },
        {
            "source": ".\/api\/update-quote-price.php",
            "target": ".\/api\/update-quote-price.php"
        },
        {
            "source": ".\/api\/upload-file.php",
            "target": ".\/api\/upload-file.php"
        },
        {
            "source": ".\/api\/upload-transport-image.php",
            "target": ".\/api\/upload-transport-image.php"
        },
        {
            "source": ".\/assets\/js\/script.js",
            "target": ".\/assets\/js\/script.js"
        },
        {
            "source": ".\/config\/database.php",
            "target": ".\/config\/database.php"
        },
        {
            "source": ".\/erhan.zip",
            "target": ".\/erhan.zip"
        },
        {
            "source": ".\/includes\/functions.php",
            "target": ".\/includes\/functions.php"
        },
        {
            "source": ".\/includes\/phpmailer-config.php",
            "target": ".\/includes\/phpmailer-config.php"
        },
        {
            "source": ".\/includes\/simple-mailer.php",
            "target": ".\/includes\/simple-mailer.php"
        },
        {
            "source": ".\/includes\/update-functions.php",
            "target": ".\/includes\/update-functions.php"
        },
        {
            "source": ".\/index.php",
            "target": ".\/index.php"
        },
        {
            "source": ".\/README-update-system.md",
            "target": ".\/README-update-system.md"
        },
        {
            "source": ".\/setup\/add-custom-fields-column.sql",
            "target": ".\/setup\/add-custom-fields-column.sql"
        },
        {
            "source": ".\/setup\/add-show-reference-images.sql",
            "target": ".\/setup\/add-show-reference-images.sql"
        },
        {
            "source": ".\/setup\/create-transport-images-table.php",
            "target": ".\/setup\/create-transport-images-table.php"
        },
        {
            "source": ".\/setup\/create-transport-reference-images.sql",
            "target": ".\/setup\/create-transport-reference-images.sql"
        },
        {
            "source": ".\/setup\/create-update-system.sql",
            "target": ".\/setup\/create-update-system.sql"
        },
        {
            "source": ".\/setup\/run-custom-fields-migration.php",
            "target": ".\/setup\/run-custom-fields-migration.php"
        },
        {
            "source": ".\/setup\/run-update-system-migration.php",
            "target": ".\/setup\/run-update-system-migration.php"
        },
        {
            "source": ".\/setup\/update-reference-images-default.sql",
            "target": ".\/setup\/update-reference-images-default.sql"
        },
        {
            "source": ".\/templates\/karayolu-template.html",
            "target": ".\/templates\/karayolu-template.html"
        },
        {
            "source": ".\/tools\/auto-sync.php",
            "target": ".\/tools\/auto-sync.php"
        },
        {
            "source": ".\/tools\/package-update.php",
            "target": ".\/tools\/package-update.php"
        },
        {
            "source": ".\/uploads\/cost-lists\/68932817696cf_1754474519.pdf",
            "target": ".\/uploads\/cost-lists\/68932817696cf_1754474519.pdf"
        },
        {
            "source": ".\/uploads\/editor\/68906948c7339_1724918072084.jpg",
            "target": ".\/uploads\/editor\/68906948c7339_1724918072084.jpg"
        },
        {
            "source": ".\/uploads\/editor\/68906952126bb_WhatsAppImage2025-07-29at13.28.542.jpeg",
            "target": ".\/uploads\/editor\/68906952126bb_WhatsAppImage2025-07-29at13.28.542.jpeg"
        },
        {
            "source": ".\/uploads\/editor\/6890695a1ae3f_depolama1.jpg",
            "target": ".\/uploads\/editor\/6890695a1ae3f_depolama1.jpg"
        },
        {
            "source": ".\/uploads\/editor\/68906c6c8a72f_foto2.pdf",
            "target": ".\/uploads\/editor\/68906c6c8a72f_foto2.pdf"
        },
        {
            "source": ".\/uploads\/editor\/68906c8122e2a_WhatsAppImage2025-07-29at13.28.55.jpeg",
            "target": ".\/uploads\/editor\/68906c8122e2a_WhatsAppImage2025-07-29at13.28.55.jpeg"
        },
        {
            "source": ".\/uploads\/editor\/68931834ed776_CMR-HALLBRAHMAHAN.png",
            "target": ".\/uploads\/editor\/68931834ed776_CMR-HALLBRAHMAHAN.png"
        },
        {
            "source": ".\/uploads\/editor\/68931843df743_EuropatransTeklif1.docx",
            "target": ".\/uploads\/editor\/68931843df743_EuropatransTeklif1.docx"
        },
        {
            "source": ".\/uploads\/editor\/6893184fef51d_0018_250804135139_001.pdf",
            "target": ".\/uploads\/editor\/6893184fef51d_0018_250804135139_001.pdf"
        },
        {
            "source": ".\/uploads\/transport-images\/denizyolu\/68908ac3a83e3_1754303171_0.jpeg",
            "target": ".\/uploads\/transport-images\/denizyolu\/68908ac3a83e3_1754303171_0.jpeg"
        },
        {
            "source": ".\/uploads\/transport-images\/denizyolu\/68908ac3a88ac_1754303171_1.jpeg",
            "target": ".\/uploads\/transport-images\/denizyolu\/68908ac3a88ac_1754303171_1.jpeg"
        },
        {
            "source": ".\/uploads\/transport-images\/denizyolu\/68908ac3a9443_1754303171_3.jpeg",
            "target": ".\/uploads\/transport-images\/denizyolu\/68908ac3a9443_1754303171_3.jpeg"
        },
        {
            "source": ".\/uploads\/transport-images\/denizyolu\/689205bd863b8_1754400189_0.jpeg",
            "target": ".\/uploads\/transport-images\/denizyolu\/689205bd863b8_1754400189_0.jpeg"
        },
        {
            "source": ".\/uploads\/transport-images\/havayolu\/68909395d4f0f_1754305429_0.jpeg",
            "target": ".\/uploads\/transport-images\/havayolu\/68909395d4f0f_1754305429_0.jpeg"
        },
        {
            "source": ".\/uploads\/transport-images\/havayolu\/68909395d6a6a_1754305429_1.jpeg",
            "target": ".\/uploads\/transport-images\/havayolu\/68909395d6a6a_1754305429_1.jpeg"
        },
        {
            "source": ".\/uploads\/transport-images\/havayolu\/68909395d7882_1754305429_2.jpeg",
            "target": ".\/uploads\/transport-images\/havayolu\/68909395d7882_1754305429_2.jpeg"
        },
        {
            "source": ".\/uploads\/transport-images\/karayolu\/689093afa7fc2_1754305455_0.jpeg",
            "target": ".\/uploads\/transport-images\/karayolu\/689093afa7fc2_1754305455_0.jpeg"
        },
        {
            "source": ".\/uploads\/transport-images\/karayolu\/689093afa84be_1754305455_1.jpeg",
            "target": ".\/uploads\/transport-images\/karayolu\/689093afa84be_1754305455_1.jpeg"
        },
        {
            "source": ".\/uploads\/transport-images\/karayolu\/689093afa8c00_1754305455_2.jpeg",
            "target": ".\/uploads\/transport-images\/karayolu\/689093afa8c00_1754305455_2.jpeg"
        },
        {
            "source": ".\/uploads\/transport-images\/karayolu\/689093afa9566_1754305455_3.jpeg",
            "target": ".\/uploads\/transport-images\/karayolu\/689093afa9566_1754305455_3.jpeg"
        },
        {
            "source": ".\/version.txt",
            "target": ".\/version.txt"
        },
        {
            "source": ".\/view-quote - Kopya.php",
            "target": ".\/view-quote - Kopya.php"
        },
        {
            "source": ".\/view-quote-pdf.php",
            "target": ".\/view-quote-pdf.php"
        },
        {
            "source": ".\/view-quote.php",
            "target": ".\/view-quote.php"
        }
    ]
}